{"cameraMode":{"drawMode":0,"name":"Shaded","section":"Shading Mode"},"sceneLighting":false,"audioPlay":false,"sceneViewState":{"m_AlwaysRefresh":false,"showFog":true,"showSkybox":false,"showFlares":true,"showImageEffects":true,"showParticleSystems":true,"showVisualEffectGraphs":true,"m_FxEnabled":true},"in2DMode":false,"pivot":{"x":7.169809818267822,"y":5.0473151206970219,"z":0.11031400412321091},"rotation":{"x":0.013997664675116539,"y":-0.6497398018836975,"z":-0.013009433634579182,"w":-0.760645866394043},"size":6.307333946228027,"orthographic":false}