{"cameraMode":{"drawMode":0,"name":"Shaded","section":"Shading Mode"},"sceneLighting":false,"audioPlay":false,"sceneViewState":{"m_AlwaysRefresh":false,"showFog":true,"showSkybox":false,"showFlares":true,"showImageEffects":true,"showParticleSystems":true,"showVisualEffectGraphs":true,"m_FxEnabled":true},"in2DMode":false,"pivot":{"x":2.4967803955078127,"y":0.5428704023361206,"z":0.08007526397705078},"rotation":{"x":-0.10968858748674393,"y":-0.8859391808509827,"z":0.31536707282066347,"w":-0.32621535658836367},"size":2.667720079421997,"orthographic":false}