{"cameraMode":{"drawMode":0,"name":"Shaded","section":"Shading Mode"},"sceneLighting":false,"audioPlay":false,"sceneViewState":{"m_AlwaysRefresh":false,"showFog":true,"showSkybox":false,"showFlares":true,"showImageEffects":true,"showParticleSystems":true,"showVisualEffectGraphs":true,"m_FxEnabled":true},"in2DMode":false,"pivot":{"x":10.522359848022461,"y":7.405094146728516,"z":-4.799507141113281},"rotation":{"x":0.013551654294133187,"y":-0.9750108122825623,"z":0.006181125529110432,"w":-0.2303767055273056},"size":12.563798904418946,"orthographic":false}