{"cameraMode":{"drawMode":0,"name":"Shaded","section":"Shading Mode"},"sceneLighting":false,"audioPlay":false,"sceneViewState":{"m_AlwaysRefresh":false,"showFog":true,"showSkybox":false,"showFlares":true,"showImageEffects":true,"showParticleSystems":true,"showVisualEffectGraphs":true,"m_FxEnabled":true},"in2DMode":false,"pivot":{"x":-0.11852000653743744,"y":-0.11435949802398682,"z":0.522438645362854},"rotation":{"x":-0.22212712466716767,"y":0.016982808709144594,"z":-0.004560444504022598,"w":-0.975427508354187},"size":0.6726595163345337,"orthographic":false}