{"cameraMode":{"drawMode":0,"name":"Shaded","section":"Shading Mode"},"sceneLighting":false,"audioPlay":false,"sceneViewState":{"m_AlwaysRefresh":false,"showFog":true,"showSkybox":false,"showFlares":true,"showImageEffects":true,"showParticleSystems":true,"showVisualEffectGraphs":true,"m_FxEnabled":true},"in2DMode":false,"pivot":{"x":0.0185268335044384,"y":0.16241799294948579,"z":0.13696569204330445},"rotation":{"x":-0.006416494958102703,"y":-0.05444034934043884,"z":0.0002410442684777081,"w":-0.9990584850311279},"size":0.2823389172554016,"orthographic":false}