{"cameraMode":{"drawMode":0,"name":"Shaded","section":"Shading Mode"},"sceneLighting":false,"audioPlay":false,"sceneViewState":{"m_AlwaysRefresh":false,"showFog":true,"showSkybox":false,"showFlares":true,"showImageEffects":true,"showParticleSystems":true,"showVisualEffectGraphs":true,"m_FxEnabled":true},"in2DMode":false,"pivot":{"x":0.007255524396896362,"y":0.17022089660167695,"z":0.0030555129051208498},"rotation":{"x":-0.024427421391010286,"y":-0.012446521781384945,"z":0.00016037342720665038,"w":-1.0001851320266724},"size":0.2324802577495575,"orthographic":false}