{"cameraMode":{"drawMode":0,"name":"Shaded","section":"Shading Mode"},"sceneLighting":false,"audioPlay":false,"sceneViewState":{"m_AlwaysRefresh":false,"showFog":true,"showSkybox":false,"showFlares":true,"showImageEffects":true,"showParticleSystems":true,"showVisualEffectGraphs":true,"m_FxEnabled":true},"in2DMode":false,"pivot":{"x":-1.253248691558838,"y":0.39755207300186159,"z":-0.01016722247004509},"rotation":{"x":0.024998540058732034,"y":0.6635664105415344,"z":0.02705632522702217,"w":-0.7487295269966126},"size":1.249335765838623,"orthographic":false}