{"cameraMode":{"drawMode":0,"name":"Shaded","section":"Shading Mode"},"sceneLighting":false,"audioPlay":false,"sceneViewState":{"m_AlwaysRefresh":false,"showFog":true,"showSkybox":false,"showFlares":true,"showImageEffects":true,"showParticleSystems":true,"showVisualEffectGraphs":true,"m_FxEnabled":true},"in2DMode":false,"pivot":{"x":-2.7363715171813967,"y":2.036397933959961,"z":-1.4430162906646729},"rotation":{"x":0.010213706642389298,"y":0.9852896332740784,"z":-0.16346564888954163,"w":0.06437070667743683},"size":2.7057838439941408,"orthographic":false}