{"cameraMode":{"drawMode":0,"name":"Shaded","section":"Shading Mode"},"sceneLighting":false,"audioPlay":false,"sceneViewState":{"m_AlwaysRefresh":false,"showFog":true,"showSkybox":false,"showFlares":true,"showImageEffects":true,"showParticleSystems":true,"showVisualEffectGraphs":true,"m_FxEnabled":true},"in2DMode":false,"pivot":{"x":0.16121064126491548,"y":0.36508169770240786,"z":0.0007199645042419434},"rotation":{"x":-0.03154531121253967,"y":-0.1558094471693039,"z":0.004935997538268566,"w":-0.9878411889076233},"size":0.47282227873802187,"orthographic":false}