{"cameraMode":{"drawMode":0,"name":"Shaded","section":"Shading Mode"},"sceneLighting":false,"audioPlay":false,"sceneViewState":{"m_AlwaysRefresh":false,"showFog":true,"showSkybox":false,"showFlares":true,"showImageEffects":true,"showParticleSystems":true,"showVisualEffectGraphs":true,"m_FxEnabled":true},"in2DMode":false,"pivot":{"x":0.002009555697441101,"y":0.11494863778352738,"z":0.004820317029953003},"rotation":{"x":-0.024427421391010286,"y":-0.012446521781384945,"z":0.00016037342720665038,"w":-1.0001851320266724},"size":0.16232828795909882,"orthographic":false}