{"cameraMode":{"drawMode":0,"name":"Shaded","section":"Shading Mode"},"sceneLighting":false,"audioPlay":false,"sceneViewState":{"m_AlwaysRefresh":false,"showFog":true,"showSkybox":false,"showFlares":true,"showImageEffects":true,"showParticleSystems":true,"showVisualEffectGraphs":true,"m_FxEnabled":true},"in2DMode":false,"pivot":{"x":0.06153518706560135,"y":0.3021290600299835,"z":0.352753221988678},"rotation":{"x":-0.0993042141199112,"y":-0.010904018767178059,"z":0.0009372110362164676,"w":-0.9955609440803528},"size":0.5976139307022095,"orthographic":false}