{"cameraMode":{"drawMode":0,"name":"Shaded","section":"Shading Mode"},"sceneLighting":false,"audioPlay":false,"sceneViewState":{"m_AlwaysRefresh":false,"showFog":true,"showSkybox":false,"showFlares":true,"showImageEffects":true,"showParticleSystems":true,"showVisualEffectGraphs":true,"m_FxEnabled":true},"in2DMode":false,"pivot":{"x":5.403743743896484,"y":-0.11045074462890625,"z":-5.763175964355469},"rotation":{"x":0.1613679826259613,"y":-0.46355319023132326,"z":0.08009296655654907,"w":0.8681026697158814},"size":32.623748779296878,"orthographic":false}