{"cameraMode":{"drawMode":0,"name":"Shaded","section":"Shading Mode"},"sceneLighting":false,"audioPlay":false,"sceneViewState":{"m_AlwaysRefresh":false,"showFog":true,"showSkybox":false,"showFlares":true,"showImageEffects":true,"showParticleSystems":true,"showVisualEffectGraphs":true,"m_FxEnabled":true},"in2DMode":false,"pivot":{"x":2.178962230682373,"y":-2.2462522983551027,"z":-21.618648529052736},"rotation":{"x":0.012521123513579369,"y":-0.9979905486106873,"z":0.0785188153386116,"w":-0.040886785835027698},"size":12.355118751525879,"orthographic":false}