{"cameraMode":{"drawMode":0,"name":"Shaded","section":"Shading Mode"},"sceneLighting":false,"audioPlay":false,"sceneViewState":{"m_AlwaysRefresh":false,"showFog":true,"showSkybox":false,"showFlares":true,"showImageEffects":true,"showParticleSystems":true,"showVisualEffectGraphs":true,"m_FxEnabled":true},"in2DMode":false,"pivot":{"x":-0.053788185119628909,"y":3.145517349243164,"z":-0.5286331176757813},"rotation":{"x":0.08496921509504318,"y":0.04596473649144173,"z":0.0032247535418719055,"w":-0.9958726763725281},"size":6.307333946228027,"orthographic":false}