{"cameraMode":{"drawMode":0,"name":"Shaded","section":"Shading Mode"},"sceneLighting":false,"audioPlay":false,"sceneViewState":{"m_AlwaysRefresh":false,"showFog":true,"showSkybox":false,"showFlares":true,"showImageEffects":true,"showParticleSystems":true,"showVisualEffectGraphs":true,"m_FxEnabled":true},"in2DMode":false,"pivot":{"x":2.6487393379211427,"y":0.006140947341918945,"z":-58.31565475463867},"rotation":{"x":0.00689350999891758,"y":1.0018904209136963,"z":-0.010278292931616307,"w":0.026979664340615274},"size":30.21998405456543,"orthographic":false}