{"cameraMode":{"drawMode":0,"name":"Shaded","section":"Shading Mode"},"sceneLighting":false,"audioPlay":false,"sceneViewState":{"m_AlwaysRefresh":false,"showFog":true,"showSkybox":false,"showFlares":true,"showImageEffects":true,"showParticleSystems":true,"showVisualEffectGraphs":true,"m_FxEnabled":true},"in2DMode":false,"pivot":{"x":-1.8376792669296265,"y":1.7889306545257569,"z":-5.21027946472168},"rotation":{"x":0.11604916304349899,"y":-0.07489769160747528,"z":-0.008821195922791958,"w":-0.9909393191337586},"size":0.8660283088684082,"orthographic":false}