{"cameraMode":{"drawMode":0,"name":"Shaded","section":"Shading Mode"},"sceneLighting":false,"audioPlay":false,"sceneViewState":{"m_AlwaysRefresh":false,"showFog":true,"showSkybox":false,"showFlares":true,"showImageEffects":true,"showParticleSystems":true,"showVisualEffectGraphs":true,"m_FxEnabled":true},"in2DMode":false,"pivot":{"x":0.11560910195112229,"y":0.6619748473167419,"z":-4.183797836303711},"rotation":{"x":-0.15101607143878938,"y":0.046040214598178866,"z":-0.0025446561630815269,"w":-0.9879188537597656},"size":1.802103042602539,"orthographic":false}