{"cameraMode":{"drawMode":0,"name":"Shaded","section":"Shading Mode"},"sceneLighting":false,"audioPlay":false,"sceneViewState":{"m_AlwaysRefresh":false,"showFog":true,"showSkybox":false,"showFlares":true,"showImageEffects":true,"showParticleSystems":true,"showVisualEffectGraphs":true,"m_FxEnabled":true},"in2DMode":false,"pivot":{"x":14.940023422241211,"y":17.938262939453126,"z":5.162313461303711},"rotation":{"x":0.0018114998238161207,"y":-0.929199755191803,"z":-0.009481350891292096,"w":0.3734678626060486},"size":12.124356269836426,"orthographic":false}