{"cameraMode":{"drawMode":0,"name":"Shaded","section":"Shading Mode"},"sceneLighting":false,"audioPlay":false,"sceneViewState":{"m_AlwaysRefresh":false,"showFog":true,"showSkybox":false,"showFlares":true,"showImageEffects":true,"showParticleSystems":true,"showVisualEffectGraphs":true,"m_FxEnabled":true},"in2DMode":false,"pivot":{"x":-0.018456220626831056,"y":2.092120885848999,"z":-0.003755807876586914},"rotation":{"x":-0.024427421391010286,"y":-0.012446521781384945,"z":0.00016037342720665038,"w":-1.0001851320266724},"size":2.4220783710479738,"orthographic":false}