{"cameraMode":{"drawMode":0,"name":"Shaded","section":"Shading Mode"},"sceneLighting":false,"audioPlay":false,"sceneViewState":{"m_AlwaysRefresh":false,"showFog":true,"showSkybox":false,"showFlares":true,"showImageEffects":true,"showParticleSystems":true,"showVisualEffectGraphs":true,"m_FxEnabled":true},"in2DMode":false,"pivot":{"x":37.788551330566409,"y":2.7730376720428469,"z":-9.655945777893067},"rotation":{"x":-0.0073781306855380539,"y":-0.7773202657699585,"z":-0.00025447041844017804,"w":-0.6327166557312012},"size":23.936784744262697,"orthographic":false}