{"cameraMode":{"drawMode":0,"name":"Shaded","section":"Shading Mode"},"sceneLighting":false,"audioPlay":false,"sceneViewState":{"m_AlwaysRefresh":false,"showFog":true,"showSkybox":false,"showFlares":true,"showImageEffects":true,"showParticleSystems":true,"showVisualEffectGraphs":true,"m_FxEnabled":true},"in2DMode":false,"pivot":{"x":3.371906280517578,"y":3.5827155113220217,"z":-43.00435256958008},"rotation":{"x":-0.00683599803596735,"y":-1.0005922317504883,"z":0.005578935611993074,"w":-0.05775481089949608},"size":24.497211456298829,"orthographic":false}