{"cameraMode":{"drawMode":0,"name":"Shaded","section":"Shading Mode"},"sceneLighting":false,"audioPlay":false,"sceneViewState":{"m_AlwaysRefresh":false,"showFog":true,"showSkybox":false,"showFlares":true,"showImageEffects":true,"showParticleSystems":true,"showVisualEffectGraphs":true,"m_FxEnabled":true},"in2DMode":false,"pivot":{"x":0.02044108510017395,"y":0.7635954022407532,"z":0.3753812909126282},"rotation":{"x":-0.006278496701270342,"y":0.9963538646697998,"z":0.0949343740940094,"w":0.021069787442684175},"size":1.3815160989761353,"orthographic":false}