{"cameraMode":{"drawMode":0,"name":"Shaded","section":"Shading Mode"},"sceneLighting":false,"audioPlay":false,"sceneViewState":{"m_AlwaysRefresh":false,"showFog":true,"showSkybox":false,"showFlares":true,"showImageEffects":true,"showParticleSystems":true,"showVisualEffectGraphs":true,"m_FxEnabled":true},"in2DMode":false,"pivot":{"x":0.6662919521331787,"y":1.0663567781448365,"z":-0.10370206832885742},"rotation":{"x":-0.006029011681675911,"y":0.9991335272789002,"z":0.05294746533036232,"w":0.03330549970269203},"size":1.407075047492981,"orthographic":false}