{"cameraMode":{"drawMode":0,"name":"Shaded","section":"Shading Mode"},"sceneLighting":false,"audioPlay":false,"sceneViewState":{"m_AlwaysRefresh":false,"showFog":true,"showSkybox":false,"showFlares":true,"showImageEffects":true,"showParticleSystems":true,"showVisualEffectGraphs":true,"m_FxEnabled":true},"in2DMode":false,"pivot":{"x":-45.30314636230469,"y":3.4434146881103517,"z":10.79870319366455},"rotation":{"x":0.020716428756713868,"y":0.6270210146903992,"z":0.007905551232397557,"w":-0.7816478610038757},"size":24.977996826171876,"orthographic":false}