{"cameraMode":{"drawMode":0,"name":"Shaded","section":"Shading Mode"},"sceneLighting":false,"audioPlay":false,"sceneViewState":{"m_AlwaysRefresh":false,"showFog":true,"showSkybox":false,"showFlares":true,"showImageEffects":true,"showParticleSystems":true,"showVisualEffectGraphs":true,"m_FxEnabled":true},"in2DMode":false,"pivot":{"x":-1.8648624420166016,"y":1.4963312149047852,"z":-43.80556869506836},"rotation":{"x":-0.005657069385051727,"y":-0.9997220635414124,"z":0.07062085717916489,"w":0.011750989593565464},"size":28.826499938964845,"orthographic":false}