{"cameraMode":{"drawMode":0,"name":"Shaded","section":"Shading Mode"},"sceneLighting":false,"audioPlay":false,"sceneViewState":{"m_AlwaysRefresh":false,"showFog":true,"showSkybox":false,"showFlares":true,"showImageEffects":true,"showParticleSystems":true,"showVisualEffectGraphs":true,"m_FxEnabled":true},"in2DMode":false,"pivot":{"x":-0.7673968076705933,"y":0.6936084032058716,"z":-0.25104212760925295},"rotation":{"x":0.0007834641146473587,"y":-0.998799204826355,"z":0.05741209536790848,"w":0.01512978132814169},"size":1.6794503927230836,"orthographic":false}