{"cameraMode":{"drawMode":0,"name":"Shaded","section":"Shading Mode"},"sceneLighting":false,"audioPlay":false,"sceneViewState":{"m_AlwaysRefresh":false,"showFog":true,"showSkybox":false,"showFlares":true,"showImageEffects":true,"showParticleSystems":true,"showVisualEffectGraphs":true,"m_FxEnabled":true},"in2DMode":false,"pivot":{"x":-0.05178236961364746,"y":3.452012777328491,"z":-0.5376553535461426},"rotation":{"x":0.08496921509504318,"y":0.04596473649144173,"z":0.0032247535418719055,"w":-0.9958726763725281},"size":5.6341552734375,"orthographic":false}