{"cameraMode":{"drawMode":0,"name":"Shaded","section":"Shading Mode"},"sceneLighting":false,"audioPlay":false,"sceneViewState":{"m_AlwaysRefresh":false,"showFog":true,"showSkybox":false,"showFlares":true,"showImageEffects":true,"showParticleSystems":true,"showVisualEffectGraphs":true,"m_FxEnabled":true},"in2DMode":false,"pivot":{"x":-0.5853331089019775,"y":0.7920774817466736,"z":0.5020465850830078},"rotation":{"x":0.047820813953876498,"y":-0.5904525518417358,"z":-0.01862291805446148,"w":-0.8054630756378174},"size":0.8660253882408142,"orthographic":false}