{"cameraMode":{"drawMode":0,"name":"Shaded","section":"Shading Mode"},"sceneLighting":false,"audioPlay":false,"sceneViewState":{"m_AlwaysRefresh":false,"showFog":true,"showSkybox":false,"showFlares":true,"showImageEffects":true,"showParticleSystems":true,"showVisualEffectGraphs":true,"m_FxEnabled":true},"in2DMode":false,"pivot":{"x":0.5508915185928345,"y":1.4187476634979249,"z":-1.1620819568634034},"rotation":{"x":-0.0345538854598999,"y":0.014542220160365105,"z":0.003947407007217407,"w":-0.9997472763061523},"size":1.7815053462982178,"orthographic":false}