{"cameraMode":{"drawMode":0,"name":"Shaded","section":"Shading Mode"},"sceneLighting":false,"audioPlay":false,"sceneViewState":{"m_AlwaysRefresh":false,"showFog":true,"showSkybox":false,"showFlares":true,"showImageEffects":true,"showParticleSystems":true,"showVisualEffectGraphs":true,"m_FxEnabled":true},"in2DMode":false,"pivot":{"x":0.037982553243637088,"y":-0.27195289731025698,"z":0.6782256364822388},"rotation":{"x":-0.1910969763994217,"y":-0.13112540543079377,"z":0.02566063404083252,"w":-0.9730135202407837},"size":0.8906552195549011,"orthographic":false}