{"cameraMode":{"drawMode":0,"name":"Shaded","section":"Shading Mode"},"sceneLighting":false,"audioPlay":false,"sceneViewState":{"m_AlwaysRefresh":false,"showFog":true,"showSkybox":false,"showFlares":true,"showImageEffects":true,"showParticleSystems":true,"showVisualEffectGraphs":true,"m_FxEnabled":true},"in2DMode":false,"pivot":{"x":0.4247339963912964,"y":1.6621886491775513,"z":2.3461222648620607},"rotation":{"x":-0.01767907850444317,"y":0.9975665807723999,"z":0.03174367919564247,"w":0.08649635314941406},"size":0.8660253882408142,"orthographic":false}